,X_axis,Y_axis
0,4,0.0
1,5,0.0
2,6,0.0
3,7,0.0
4,8,0.0
5,9,0.0
6,10,0.0
7,11,0.0
8,12,0.0
9,13,0.0
10,14,0.0
11,15,0.0
12,16,0.0
13,17,0.0
14,18,0.06666666666666667
15,19,0.125
16,20,0.11764705882352941
17,21,0.1111111111111111
18,22,0.10526315789473684
19,23,0.1
20,24,0.09523809523809523
21,25,0.18181818181818182
22,26,0.21739130434782608
23,27,0.20833333333333334
24,28,0.24
25,29,0.2692307692307692
26,30,0.25925925925925924
27,31,0.2857142857142857
28,32,0.27586206896551724
29,33,0.3333333333333333
30,34,0.3225806451612903
31,35,0.3125
32,36,0.3333333333333333
33,37,0.3235294117647059
34,38,0.34285714285714286
35,39,0.3333333333333333
36,40,0.32432432432432434
37,41,0.34210526315789475
38,42,0.358974358974359
39,43,0.375
40,44,0.3902439024390244
41,45,0.42857142857142855
42,46,0.4186046511627907
43,47,0.4318181818181818
44,48,0.4444444444444444
45,49,0.4782608695652174
46,50,0.5106382978723404
47,51,0.5
48,52,0.5306122448979592
49,53,0.52
