,X_axis,Y_axis
0,4,0.0
1,5,0.0
2,6,0.0
3,7,0.0
4,8,0.0
5,9,0.0
6,10,0.0
7,11,0.0
8,12,0.0
9,13,0.0
10,14,0.0
11,15,0.0
12,16,0.0
13,17,0.0
14,18,0.0
15,19,0.0625
16,20,0.17647058823529413
17,21,0.2222222222222222
18,22,0.2631578947368421
19,23,0.25
20,24,0.23809523809523808
21,25,0.2727272727272727
22,26,0.2608695652173913
23,27,0.25
24,28,0.24
25,29,0.2692307692307692
26,30,0.25925925925925924
27,31,0.25
28,32,0.2413793103448276
29,33,0.26666666666666666
30,34,0.25806451612903225
31,35,0.25
32,36,0.24242424242424243
33,37,0.23529411764705882
34,38,0.2571428571428571
35,39,0.2777777777777778
36,40,0.2702702702702703
37,41,0.2894736842105263
38,42,0.28205128205128205
39,43,0.3
40,44,0.3170731707317073
41,45,0.35714285714285715
42,46,0.37209302325581395
43,47,0.4090909090909091
44,48,0.4222222222222222
45,49,0.43478260869565216
46,50,0.44680851063829785
47,51,0.4583333333333333
48,52,0.46938775510204084
49,53,0.48
